typeCode,freqCode,refPeriodId,refYear,refMonth,period,reporterCode,reporterISO,reporterDesc,flowCode,flowDesc,partnerCode,partnerISO,partnerDesc,partner2Code,partner2ISO,partner2Desc,classificationCode,classificationSearchCode,isOriginalClassification,cmdCode,cmdDesc,aggrLevel,isLeaf,customsCode,customsDesc,mosCode,motCode,motDesc,qtyUnitCode,qtyUnitAbbr,qty,isQtyEstimated,altQtyUnitCode,altQtyUnitAbbr,altQty,isAltQtyEstimated,netWgt,isNetWgtEstimated,grossWgt,isGrossWgtEstimated,cifvalue,fobvalue,primaryValue,legacyEstimationFlag,isReported,isAggregate
"C","A","20230101","2023","52","2023","156","CHN","China","M","Import","156","CHN","China","0","W00","World","H6","HS","true","TOTAL","All Commodities","0","false","C00","TOTAL CPC","0","0","TOTAL MOT","-1","N/A","0","false","-1","N/A","0","false","0","true","0","false","104296025695",,"104296025695","4","false","true",
"C","A","20230101","2023","52","2023","156","CHN","China","M","Import","231","ETH","Ethiopia","0","W00","World","H6","HS","true","TOTAL","All Commodities","0","false","C00","TOTAL CPC","0","0","TOTAL MOT","-1","N/A","0","false","-1","N/A","0","false","0","true","0","false","435951627",,"435951627","4","false","true",
"C","A","20230101","2023","52","2023","156","CHN","China","M","Import","364","IRN","Iran","0","W00","World","H6","HS","true","TOTAL","All Commodities","0","false","C00","TOTAL CPC","0","0","TOTAL MOT","-1","N/A","0","false","-1","N/A","0","false","0","true","0","false","4586125362",,"4586125362","4","false","true",
"C","A","20230101","2023","52","2023","156","CHN","China","M","Import","376","ISR","Israel","0","W00","World","H6","HS","true","TOTAL","All Commodities","0","false","C00","TOTAL CPC","0","0","TOTAL MOT","-1","N/A","0","false","-1","N/A","0","false","0","true","0","false","8394550449",,"8394550449","4","false","true",
"C","A","20230101","2023","52","2023","156","CHN","China","M","Import","586","PAK","Pakistan","0","W00","World","H6","HS","true","TOTAL","All Commodities","0","false","C00","TOTAL CPC","0","0","TOTAL MOT","-1","N/A","0","false","-1","N/A","0","false","0","true","0","false","3455489371",,"3455489371","4","false","true",
"C","A","20230101","2023","52","2023","156","CHN","China","M","Import","643","RUS","Russian Federation","0","W00","World","H6","HS","true","TOTAL","All Commodities","0","false","C00","TOTAL CPC","0","0","TOTAL MOT","-1","N/A","0","false","-1","N/A","0","false","0","true","0","false","129205577995",,"129205577995","4","false","true",
"C","A","20230101","2023","52","2023","156","CHN","China","M","Import","682","SAU","Saudi Arabia","0","W00","World","H6","HS","true","TOTAL","All Commodities","0","false","C00","TOTAL CPC","0","0","TOTAL MOT","-1","N/A","0","false","-1","N/A","0","false","0","true","0","false","64361164116",,"64361164116","4","false","true",
"C","A","20230101","2023","52","2023","156","CHN","China","M","Import","699","IND","India","0","W00","World","H6","HS","true","TOTAL","All Commodities","0","false","C00","TOTAL CPC","0","0","TOTAL MOT","-1","N/A","0","false","-1","N/A","0","false","0","true","0","false","18540707022",,"18540707022","4","false","true",
"C","A","20230101","2023","52","2023","156","CHN","China","M","Import","792","TUR","Türkiye","0","W00","World","H6","HS","true","TOTAL","All Commodities","0","false","C00","TOTAL CPC","0","0","TOTAL MOT","-1","N/A","0","false","-1","N/A","0","false","0","true","0","false","4522861512",,"4522861512","4","false","true",
"C","A","20230101","2023","52","2023","156","CHN","China","M","Import","804","UKR","Ukraine","0","W00","World","H6","HS","true","TOTAL","All Commodities","0","false","C00","TOTAL CPC","0","0","TOTAL MOT","-1","N/A","0","false","-1","N/A","0","false","0","true","0","false","4028807583",,"4028807583","4","false","true",
"C","A","20230101","2023","52","2023","156","CHN","China","M","Import","818","EGY","Egypt","0","W00","World","H6","HS","true","TOTAL","All Commodities","0","false","C00","TOTAL CPC","0","0","TOTAL MOT","-1","N/A","0","false","-1","N/A","0","false","0","true","0","false","881336270",,"881336270","4","false","true",
"C","A","20230101","2023","52","2023","156","CHN","China","M","Import","842","USA","USA","0","W00","World","H6","HS","true","TOTAL","All Commodities","0","false","C00","TOTAL CPC","0","0","TOTAL MOT","-1","N/A","0","false","-1","N/A","0","false","0","true","0","false","165157213513",,"165157213513","4","false","true",
"C","A","20230101","2023","52","2023","156","CHN","China","X","Export","231","ETH","Ethiopia","0","W00","World","H6","HS","true","TOTAL","All Commodities","0","false","C00","TOTAL CPC","0","0","TOTAL MOT","-1","N/A","0","false","-1","N/A","0","false","0","true","0","false",,"2588704848","2588704848","4","false","true",
"C","A","20230101","2023","52","2023","156","CHN","China","X","Export","364","IRN","Iran","0","W00","World","H6","HS","true","TOTAL","All Commodities","0","false","C00","TOTAL CPC","0","0","TOTAL MOT","-1","N/A","0","false","-1","N/A","0","false","0","true","0","false",,"10034585057","10034585057","4","false","true",
"C","A","20230101","2023","52","2023","156","CHN","China","X","Export","376","ISR","Israel","0","W00","World","H6","HS","true","TOTAL","All Commodities","0","false","C00","TOTAL CPC","0","0","TOTAL MOT","-1","N/A","0","false","-1","N/A","0","false","0","true","0","false",,"14985244934","14985244934","4","false","true",
"C","A","20230101","2023","52","2023","156","CHN","China","X","Export","586","PAK","Pakistan","0","W00","World","H6","HS","true","TOTAL","All Commodities","0","false","C00","TOTAL CPC","0","0","TOTAL MOT","-1","N/A","0","false","-1","N/A","0","false","0","true","0","false",,"17298320975","17298320975","4","false","true",
"C","A","20230101","2023","52","2023","156","CHN","China","X","Export","643","RUS","Russian Federation","0","W00","World","H6","HS","true","TOTAL","All Commodities","0","false","C00","TOTAL CPC","0","0","TOTAL MOT","-1","N/A","0","false","-1","N/A","0","false","0","true","0","false",,"110935409106","110935409106","4","false","true",
"C","A","20230101","2023","52","2023","156","CHN","China","X","Export","682","SAU","Saudi Arabia","0","W00","World","H6","HS","true","TOTAL","All Commodities","0","false","C00","TOTAL CPC","0","0","TOTAL MOT","-1","N/A","0","false","-1","N/A","0","false","0","true","0","false",,"42855038497","42855038497","4","false","true",
"C","A","20230101","2023","52","2023","156","CHN","China","X","Export","699","IND","India","0","W00","World","H6","HS","true","TOTAL","All Commodities","0","false","C00","TOTAL CPC","0","0","TOTAL MOT","-1","N/A","0","false","-1","N/A","0","false","0","true","0","false",,"117678762947","117678762947","4","false","true",
"C","A","20230101","2023","52","2023","156","CHN","China","X","Export","792","TUR","Türkiye","0","W00","World","H6","HS","true","TOTAL","All Commodities","0","false","C00","TOTAL CPC","0","0","TOTAL MOT","-1","N/A","0","false","-1","N/A","0","false","0","true","0","false",,"38872861571","38872861571","4","false","true",
"C","A","20230101","2023","52","2023","156","CHN","China","X","Export","804","UKR","Ukraine","0","W00","World","H6","HS","true","TOTAL","All Commodities","0","false","C00","TOTAL CPC","0","0","TOTAL MOT","-1","N/A","0","false","-1","N/A","0","false","0","true","0","false",,"2781454691","2781454691","4","false","true",
"C","A","20230101","2023","52","2023","156","CHN","China","X","Export","818","EGY","Egypt","0","W00","World","H6","HS","true","TOTAL","All Commodities","0","false","C00","TOTAL CPC","0","0","TOTAL MOT","-1","N/A","0","false","-1","N/A","0","false","0","true","0","false",,"14934546799","14934546799","4","false","true",
"C","A","20230101","2023","52","2023","156","CHN","China","X","Export","842","USA","USA","0","W00","World","H6","HS","true","TOTAL","All Commodities","0","false","C00","TOTAL CPC","0","0","TOTAL MOT","-1","N/A","0","false","-1","N/A","0","false","0","true","0","false",,"501220722660","501220722660","4","false","true",
"C","A","20230101","2023","52","2023","231","ETH","Ethiopia","M","Import","156","CHN","China","0","W00","World","H6","HS","true","TOTAL","All Commodities","0","false","C00","TOTAL CPC","0","0","TOTAL MOT","-1","N/A","0","false","-1","N/A","0","false","0","true","0","false","5572385918.438",,"5572385918.438","4","false","true",
"C","A","20230101","2023","52","2023","231","ETH","Ethiopia","M","Import","364","IRN","Iran","0","W00","World","H6","HS","true","TOTAL","All Commodities","0","false","C00","TOTAL CPC","0","0","TOTAL MOT","-1","N/A","0","false","-1","N/A","0","false","0","false","0","false","1644754.944",,"1644754.944","0","false","true",
"C","A","20230101","2023","52","2023","231","ETH","Ethiopia","M","Import","376","ISR","Israel","0","W00","World","H6","HS","true","TOTAL","All Commodities","0","false","C00","TOTAL CPC","0","0","TOTAL MOT","-1","N/A","0","false","-1","N/A","0","false","0","true","0","false","16368606.852",,"16368606.852","4","false","true",
"C","A","20230101","2023","52","2023","231","ETH","Ethiopia","M","Import","586","PAK","Pakistan","0","W00","World","H6","HS","true","TOTAL","All Commodities","0","false","C00","TOTAL CPC","0","0","TOTAL MOT","-1","N/A","0","false","-1","N/A","0","false","0","true","0","false","46997305.02",,"46997305.02","4","false","true",
"C","A","20230101","2023","52","2023","231","ETH","Ethiopia","M","Import","643","RUS","Russian Federation","0","W00","World","H6","HS","true","TOTAL","All Commodities","0","false","C00","TOTAL CPC","0","0","TOTAL MOT","-1","N/A","0","false","-1","N/A","0","false","0","true","0","false","18780665.834",,"18780665.834","4","false","true",
"C","A","20230101","2023","52","2023","231","ETH","Ethiopia","M","Import","682","SAU","Saudi Arabia","0","W00","World","H6","HS","true","TOTAL","All Commodities","0","false","C00","TOTAL CPC","0","0","TOTAL MOT","-1","N/A","0","false","-1","N/A","0","false","0","true","0","false","1129206584.727",,"1129206584.727","4","false","true",
"C","A","20230101","2023","52","2023","231","ETH","Ethiopia","M","Import","699","IND","India","0","W00","World","H6","HS","true","TOTAL","All Commodities","0","false","C00","TOTAL CPC","0","0","TOTAL MOT","-1","N/A","0","false","-1","N/A","0","false","0","true","0","false","1637773788.221",,"1637773788.221","4","false","true",
"C","A","20230101","2023","52","2023","231","ETH","Ethiopia","M","Import","792","TUR","Türkiye","0","W00","World","H6","HS","true","TOTAL","All Commodities","0","false","C00","TOTAL CPC","0","0","TOTAL MOT","-1","N/A","0","false","-1","N/A","0","false","0","true","0","false","619977258.677",,"619977258.677","4","false","true",
"C","A","20230101","2023","52","2023","231","ETH","Ethiopia","M","Import","804","UKR","Ukraine","0","W00","World","H6","HS","true","TOTAL","All Commodities","0","false","C00","TOTAL CPC","0","0","TOTAL MOT","-1","N/A","0","false","-1","N/A","0","false","0","true","0","false","83479429.596",,"83479429.596","4","false","true",
"C","A","20230101","2023","52","2023","231","ETH","Ethiopia","M","Import","818","EGY","Egypt","0","W00","World","H6","HS","true","TOTAL","All Commodities","0","false","C00","TOTAL CPC","0","0","TOTAL MOT","-1","N/A","0","false","-1","N/A","0","false","0","true","0","false","454682459.684",,"454682459.684","4","false","true",
"C","A","20230101","2023","52","2023","231","ETH","Ethiopia","M","Import","842","USA","USA","0","W00","World","H6","HS","true","TOTAL","All Commodities","0","false","C00","TOTAL CPC","0","0","TOTAL MOT","-1","N/A","0","false","-1","N/A","0","false","0","true","0","false","1080898775.733",,"1080898775.733","4","false","true",
"C","A","20230101","2023","52","2023","231","ETH","Ethiopia","X","Export","156","CHN","China","0","W00","World","H6","HS","true","TOTAL","All Commodities","0","false","C00","TOTAL CPC","0","0","TOTAL MOT","-1","N/A","0","false","-1","N/A","0","false","0","true","0","false",,"131648664.172","131648664.172","4","false","true",
"C","A","20230101","2023","52","2023","231","ETH","Ethiopia","X","Export","364","IRN","Iran","0","W00","World","H6","HS","true","TOTAL","All Commodities","0","false","C00","TOTAL CPC","0","0","TOTAL MOT","-1","N/A","0","false","-1","N/A","0","false","0","false","0","false",,"1317347.672","1317347.672","0","false","true",
"C","A","20230101","2023","52","2023","231","ETH","Ethiopia","X","Export","376","ISR","Israel","0","W00","World","H6","HS","true","TOTAL","All Commodities","0","false","C00","TOTAL CPC","0","0","TOTAL MOT","-1","N/A","0","false","-1","N/A","0","false","0","false","0","false",,"104006746.026","104006746.026","0","false","true",
"C","A","20230101","2023","52","2023","231","ETH","Ethiopia","X","Export","586","PAK","Pakistan","0","W00","World","H6","HS","true","TOTAL","All Commodities","0","false","C00","TOTAL CPC","0","0","TOTAL MOT","-1","N/A","0","false","-1","N/A","0","false","0","false","0","false",,"35918563.75","35918563.75","0","false","true",
"C","A","20230101","2023","52","2023","231","ETH","Ethiopia","X","Export","643","RUS","Russian Federation","0","W00","World","H6","HS","true","TOTAL","All Commodities","0","false","C00","TOTAL CPC","0","0","TOTAL MOT","-1","N/A","0","false","-1","N/A","0","false","0","false","0","false",,"12934262.357","12934262.357","0","false","true",
"C","A","20230101","2023","52","2023","231","ETH","Ethiopia","X","Export","682","SAU","Saudi Arabia","0","W00","World","H6","HS","true","TOTAL","All Commodities","0","false","C00","TOTAL CPC","0","0","TOTAL MOT","-1","N/A","0","false","-1","N/A","0","false","0","false","0","false",,"297920261.054","297920261.054","0","false","true",
"C","A","20230101","2023","52","2023","231","ETH","Ethiopia","X","Export","699","IND","India","0","W00","World","H6","HS","true","TOTAL","All Commodities","0","false","C00","TOTAL CPC","0","0","TOTAL MOT","-1","N/A","0","false","-1","N/A","0","false","0","false","0","false",,"139250487.678","139250487.678","0","false","true",
"C","A","20230101","2023","52","2023","231","ETH","Ethiopia","X","Export","792","TUR","Türkiye","0","W00","World","H6","HS","true","TOTAL","All Commodities","0","false","C00","TOTAL CPC","0","0","TOTAL MOT","-1","N/A","0","false","-1","N/A","0","false","0","false","0","false",,"46367426.13","46367426.13","0","false","true",
"C","A","20230101","2023","52","2023","231","ETH","Ethiopia","X","Export","804","UKR","Ukraine","0","W00","World","H6","HS","true","TOTAL","All Commodities","0","false","C00","TOTAL CPC","0","0","TOTAL MOT","-1","N/A","0","false","-1","N/A","0","false","0","false","0","false",,"1394.992","1394.992","0","false","true",
"C","A","20230101","2023","52","2023","231","ETH","Ethiopia","X","Export","818","EGY","Egypt","0","W00","World","H6","HS","true","TOTAL","All Commodities","0","false","C00","TOTAL CPC","0","0","TOTAL MOT","-1","N/A","0","false","-1","N/A","0","false","0","false","0","false",,"8711754.285","8711754.285","0","false","true",
"C","A","20230101","2023","52","2023","231","ETH","Ethiopia","X","Export","842","USA","USA","0","W00","World","H6","HS","true","TOTAL","All Commodities","0","false","C00","TOTAL CPC","0","0","TOTAL MOT","-1","N/A","0","false","-1","N/A","0","false","0","true","0","false",,"276456879.815","276456879.815","4","false","true",
"C","A","20230101","2023","52","2023","376","ISR","Israel","M","Import","156","CHN","China","0","W00","World","H6","HS","true","TOTAL","All Commodities","0","false","C00","TOTAL CPC","0","0","TOTAL MOT","-1","N/A","0","false","-1","N/A","0","false","0","true","0","false","16329326000",,"16329326000","4","false","true",
"C","A","20230101","2023","52","2023","376","ISR","Israel","M","Import","231","ETH","Ethiopia","0","W00","World","H6","HS","true","TOTAL","All Commodities","0","false","C00","TOTAL CPC","0","0","TOTAL MOT","-1","N/A","0","false","-1","N/A","0","false","0","true","0","false","94124000",,"94124000","4","false","true",
"C","A","20230101","2023","52","2023","376","ISR","Israel","M","Import","586","PAK","Pakistan","0","W00","World","H6","HS","true","TOTAL","All Commodities","0","false","C00","TOTAL CPC","0","0","TOTAL MOT","-1","N/A","0","false","-1","N/A","0","false","0","true","0","false","42428000",,"42428000","4","false","true",
"C","A","20230101","2023","52","2023","376","ISR","Israel","M","Import","643","RUS","Russian Federation","0","W00","World","H6","HS","true","TOTAL","All Commodities","0","false","C00","TOTAL CPC","0","0","TOTAL MOT","-1","N/A","0","false","-1","N/A","0","false","0","true","0","false","2341781000",,"2341781000","4","false","true",
"C","A","20230101","2023","52","2023","376","ISR","Israel","M","Import","699","IND","India","0","W00","World","H6","HS","true","TOTAL","All Commodities","0","false","C00","TOTAL CPC","0","0","TOTAL MOT","-1","N/A","0","false","-1","N/A","0","false","0","true","0","false","2429577000",,"2429577000","4","false","true",
"C","A","20230101","2023","52","2023","376","ISR","Israel","M","Import","792","TUR","Türkiye","0","W00","World","H6","HS","true","TOTAL","All Commodities","0","false","C00","TOTAL CPC","0","0","TOTAL MOT","-1","N/A","0","false","-1","N/A","0","false","0","true","0","false","5272399000",,"5272399000","4","false","true",
"C","A","20230101","2023","52","2023","376","ISR","Israel","M","Import","804","UKR","Ukraine","0","W00","World","H6","HS","true","TOTAL","All Commodities","0","false","C00","TOTAL CPC","0","0","TOTAL MOT","-1","N/A","0","false","-1","N/A","0","false","0","true","0","false","505912000",,"505912000","4","false","true",
"C","A","20230101","2023","52","2023","376","ISR","Israel","M","Import","818","EGY","Egypt","0","W00","World","H6","HS","true","TOTAL","All Commodities","0","false","C00","TOTAL CPC","0","0","TOTAL MOT","-1","N/A","0","false","-1","N/A","0","false","0","true","0","false","371389000",,"371389000","4","false","true",
"C","A","20230101","2023","52","2023","376","ISR","Israel","M","Import","842","USA","USA","0","W00","World","H6","HS","true","TOTAL","All Commodities","0","false","C00","TOTAL CPC","0","0","TOTAL MOT","-1","N/A","0","false","-1","N/A","0","false","0","true","0","false","9686393000",,"9686393000","4","false","true",
"C","A","20230101","2023","52","2023","376","ISR","Israel","X","Export","156","CHN","China","0","W00","World","H6","HS","true","TOTAL","All Commodities","0","false","C00","TOTAL CPC","0","0","TOTAL MOT","-1","N/A","0","false","-1","N/A","0","false","0","true","0","false",,"3399990000","3399990000","4","false","true",
"C","A","20230101","2023","52","2023","376","ISR","Israel","X","Export","231","ETH","Ethiopia","0","W00","World","H6","HS","true","TOTAL","All Commodities","0","false","C00","TOTAL CPC","0","0","TOTAL MOT","-1","N/A","0","false","-1","N/A","0","false","0","true","0","false",,"32422000","32422000","4","false","true",
"C","A","20230101","2023","52","2023","376","ISR","Israel","X","Export","643","RUS","Russian Federation","0","W00","World","H6","HS","true","TOTAL","All Commodities","0","false","C00","TOTAL CPC","0","0","TOTAL MOT","-1","N/A","0","false","-1","N/A","0","false","0","true","0","false",,"589537000","589537000","4","false","true",
"C","A","20230101","2023","52","2023","376","ISR","Israel","X","Export","699","IND","India","0","W00","World","H6","HS","true","TOTAL","All Commodities","0","false","C00","TOTAL CPC","0","0","TOTAL MOT","-1","N/A","0","false","-1","N/A","0","false","0","true","0","false",,"2239612000","2239612000","4","false","true",
"C","A","20230101","2023","52","2023","376","ISR","Israel","X","Export","792","TUR","Türkiye","0","W00","World","H6","HS","true","TOTAL","All Commodities","0","false","C00","TOTAL CPC","0","0","TOTAL MOT","-1","N/A","0","false","-1","N/A","0","false","0","true","0","false",,"1474790000","1474790000","4","false","true",
"C","A","20230101","2023","52","2023","376","ISR","Israel","X","Export","804","UKR","Ukraine","0","W00","World","H6","HS","true","TOTAL","All Commodities","0","false","C00","TOTAL CPC","0","0","TOTAL MOT","-1","N/A","0","false","-1","N/A","0","false","0","true","0","false",,"58188000","58188000","4","false","true",
"C","A","20230101","2023","52","2023","376","ISR","Israel","X","Export","818","EGY","Egypt","0","W00","World","H6","HS","true","TOTAL","All Commodities","0","false","C00","TOTAL CPC","0","0","TOTAL MOT","-1","N/A","0","false","-1","N/A","0","false","0","true","0","false",,"258500000","258500000","4","false","true",
"C","A","20230101","2023","52","2023","376","ISR","Israel","X","Export","842","USA","USA","0","W00","World","H6","HS","true","TOTAL","All Commodities","0","false","C00","TOTAL CPC","0","0","TOTAL MOT","-1","N/A","0","false","-1","N/A","0","false","0","true","0","false",,"17332451000","17332451000","4","false","true",
"C","A","20230101","2023","52","2023","586","PAK","Pakistan","M","Import","156","CHN","China","0","W00","World","H6","HS","true","TOTAL","All Commodities","0","false","C00","TOTAL CPC","0","0","TOTAL MOT","-1","N/A","0","false","-1","N/A","0","false","0","true","0","false","11694818859.582",,"11694818859.582","4","false","true",
"C","A","20230101","2023","52","2023","586","PAK","Pakistan","M","Import","231","ETH","Ethiopia","0","W00","World","H6","HS","true","TOTAL","All Commodities","0","false","C00","TOTAL CPC","0","0","TOTAL MOT","-1","N/A","0","false","-1","N/A","0","false","0","true","0","false","33151813.387",,"33151813.387","4","false","true",
"C","A","20230101","2023","52","2023","586","PAK","Pakistan","M","Import","364","IRN","Iran","0","W00","World","H6","HS","true","TOTAL","All Commodities","0","false","C00","TOTAL CPC","0","0","TOTAL MOT","-1","N/A","0","false","-1","N/A","0","false","0","true","0","false","943287190.362",,"943287190.362","4","false","true",
"C","A","20230101","2023","52","2023","586","PAK","Pakistan","M","Import","586","PAK","Pakistan","0","W00","World","H6","HS","true","TOTAL","All Commodities","0","false","C00","TOTAL CPC","0","0","TOTAL MOT","-1","N/A","0","false","-1","N/A","0","false","0","false","0","false","42409.605",,"42409.605","0","false","true",
"C","A","20230101","2023","52","2023","586","PAK","Pakistan","M","Import","643","RUS","Russian Federation","0","W00","World","H6","HS","true","TOTAL","All Commodities","0","false","C00","TOTAL CPC","0","0","TOTAL MOT","-1","N/A","0","false","-1","N/A","0","false","0","true","0","false","885599039.813",,"885599039.813","4","false","true",
"C","A","20230101","2023","52","2023","586","PAK","Pakistan","M","Import","682","SAU","Saudi Arabia","0","W00","World","H6","HS","true","TOTAL","All Commodities","0","false","C00","TOTAL CPC","0","0","TOTAL MOT","-1","N/A","0","false","-1","N/A","0","false","0","true","0","false","4475565398.194",,"4475565398.194","4","false","true",
"C","A","20230101","2023","52","2023","586","PAK","Pakistan","M","Import","699","IND","India","0","W00","World","H6","HS","true","TOTAL","All Commodities","0","false","C00","TOTAL CPC","0","0","TOTAL MOT","-1","N/A","0","false","-1","N/A","0","false","0","true","0","false","258201193.283",,"258201193.283","4","false","true",
"C","A","20230101","2023","52","2023","586","PAK","Pakistan","M","Import","792","TUR","Türkiye","0","W00","World","H6","HS","true","TOTAL","All Commodities","0","false","C00","TOTAL CPC","0","0","TOTAL MOT","-1","N/A","0","false","-1","N/A","0","false","0","true","0","false","250833844.68",,"250833844.68","4","false","true",
"C","A","20230101","2023","52","2023","586","PAK","Pakistan","M","Import","804","UKR","Ukraine","0","W00","World","H6","HS","true","TOTAL","All Commodities","0","false","C00","TOTAL CPC","0","0","TOTAL MOT","-1","N/A","0","false","-1","N/A","0","false","0","true","0","false","143399516.669",,"143399516.669","4","false","true",
"C","A","20230101","2023","52","2023","586","PAK","Pakistan","M","Import","818","EGY","Egypt","0","W00","World","H6","HS","true","TOTAL","All Commodities","0","false","C00","TOTAL CPC","0","0","TOTAL MOT","-1","N/A","0","false","-1","N/A","0","false","0","true","0","false","212538320.684",,"212538320.684","4","false","true",
"C","A","20230101","2023","52","2023","586","PAK","Pakistan","M","Import","842","USA","USA","0","W00","World","H6","HS","true","TOTAL","All Commodities","0","false","C00","TOTAL CPC","0","0","TOTAL MOT","-1","N/A","0","false","-1","N/A","0","false","0","true","0","false","1660091748.958",,"1660091748.958","4","false","true",
"C","A","20230101","2023","52","2023","682","SAU","Saudi Arabia","M","Import","156","CHN","China","0","W00","World","H6","HS","true","TOTAL","All Commodities","0","false","C00","TOTAL CPC","0","0","TOTAL MOT","-1","N/A","0","false","-1","N/A","0","false","0","true","0","false","43346593974.202",,"43346593974.202","4","false","true",
"C","A","20230101","2023","52","2023","682","SAU","Saudi Arabia","M","Import","231","ETH","Ethiopia","0","W00","World","H6","HS","true","TOTAL","All Commodities","0","false","C00","TOTAL CPC","0","0","TOTAL MOT","-1","N/A","0","false","-1","N/A","0","false","0","true","0","false","303160518.288",,"303160518.288","4","false","true",
"C","A","20230101","2023","52","2023","682","SAU","Saudi Arabia","M","Import","364","IRN","Iran","0","W00","World","H6","HS","true","TOTAL","All Commodities","0","false","C00","TOTAL CPC","0","0","TOTAL MOT","-1","N/A","0","false","-1","N/A","0","false","0","true","0","false","248634.66",,"248634.66","4","false","true",
"C","A","20230101","2023","52","2023","682","SAU","Saudi Arabia","M","Import","586","PAK","Pakistan","0","W00","World","H6","HS","true","TOTAL","All Commodities","0","false","C00","TOTAL CPC","0","0","TOTAL MOT","-1","N/A","0","false","-1","N/A","0","false","0","true","0","false","715125879.189",,"715125879.189","4","false","true",
"C","A","20230101","2023","52","2023","682","SAU","Saudi Arabia","M","Import","643","RUS","Russian Federation","0","W00","World","H6","HS","true","TOTAL","All Commodities","0","false","C00","TOTAL CPC","0","0","TOTAL MOT","-1","N/A","0","false","-1","N/A","0","false","0","true","0","false","3702054374.115",,"3702054374.115","4","false","true",
"C","A","20230101","2023","52","2023","682","SAU","Saudi Arabia","M","Import","699","IND","India","0","W00","World","H6","HS","true","TOTAL","All Commodities","0","false","C00","TOTAL CPC","0","0","TOTAL MOT","-1","N/A","0","false","-1","N/A","0","false","0","true","0","false","11618786256.73",,"11618786256.73","4","false","true",
"C","A","20230101","2023","52","2023","682","SAU","Saudi Arabia","M","Import","792","TUR","Türkiye","0","W00","World","H6","HS","true","TOTAL","All Commodities","0","false","C00","TOTAL CPC","0","0","TOTAL MOT","-1","N/A","0","false","-1","N/A","0","false","0","true","0","false","2623356968.816",,"2623356968.816","4","false","true",
"C","A","20230101","2023","52","2023","682","SAU","Saudi Arabia","M","Import","804","UKR","Ukraine","0","W00","World","H6","HS","true","TOTAL","All Commodities","0","false","C00","TOTAL CPC","0","0","TOTAL MOT","-1","N/A","0","false","-1","N/A","0","false","0","true","0","false","423841252.071",,"423841252.071","4","false","true",
"C","A","20230101","2023","52","2023","682","SAU","Saudi Arabia","M","Import","818","EGY","Egypt","0","W00","World","H6","HS","true","TOTAL","All Commodities","0","false","C00","TOTAL CPC","0","0","TOTAL MOT","-1","N/A","0","false","-1","N/A","0","false","0","true","0","false","5268015191.5",,"5268015191.5","4","false","true",
"C","A","20230101","2023","52","2023","682","SAU","Saudi Arabia","M","Import","842","USA","USA","0","W00","World","H6","HS","true","TOTAL","All Commodities","0","false","C00","TOTAL CPC","0","0","TOTAL MOT","-1","N/A","0","false","-1","N/A","0","false","0","true","0","false","18901072632.54",,"18901072632.54","4","false","true",
"C","A","20230101","2023","52","2023","586","PAK","Pakistan","X","Export","156","CHN","China","0","W00","World","H6","HS","true","TOTAL","All Commodities","0","false","C00","TOTAL CPC","0","0","TOTAL MOT","-1","N/A","0","false","-1","N/A","0","false","0","true","0","false",,"2743195846.783","2743195846.783","4","false","true",
"C","A","20230101","2023","52","2023","586","PAK","Pakistan","X","Export","231","ETH","Ethiopia","0","W00","World","H6","HS","true","TOTAL","All Commodities","0","false","C00","TOTAL CPC","0","0","TOTAL MOT","-1","N/A","0","false","-1","N/A","0","false","0","true","0","false",,"1047677.45","1047677.45","4","false","true",
"C","A","20230101","2023","52","2023","586","PAK","Pakistan","X","Export","364","IRN","Iran","0","W00","World","H6","HS","true","TOTAL","All Commodities","0","false","C00","TOTAL CPC","0","0","TOTAL MOT","-1","N/A","0","false","-1","N/A","0","false","0","true","0","false",,"9974430.462","9974430.462","4","false","true",
"C","A","20230101","2023","52","2023","586","PAK","Pakistan","X","Export","643","RUS","Russian Federation","0","W00","World","H6","HS","true","TOTAL","All Commodities","0","false","C00","TOTAL CPC","0","0","TOTAL MOT","-1","N/A","0","false","-1","N/A","0","false","0","true","0","false",,"88285874.179","88285874.179","4","false","true",
"C","A","20230101","2023","52","2023","586","PAK","Pakistan","X","Export","682","SAU","Saudi Arabia","0","W00","World","H6","HS","true","TOTAL","All Commodities","0","false","C00","TOTAL CPC","0","0","TOTAL MOT","-1","N/A","0","false","-1","N/A","0","false","0","true","0","false",,"632055814.673","632055814.673","4","false","true",
"C","A","20230101","2023","52","2023","586","PAK","Pakistan","X","Export","699","IND","India","0","W00","World","H6","HS","true","TOTAL","All Commodities","0","false","C00","TOTAL CPC","0","0","TOTAL MOT","-1","N/A","0","false","-1","N/A","0","false","0","true","0","false",,"36499.283","36499.283","4","false","true",
"C","A","20230101","2023","52","2023","586","PAK","Pakistan","X","Export","792","TUR","Türkiye","0","W00","World","H6","HS","true","TOTAL","All Commodities","0","false","C00","TOTAL CPC","0","0","TOTAL MOT","-1","N/A","0","false","-1","N/A","0","false","0","true","0","false",,"352078246.059","352078246.059","4","false","true",
"C","A","20230101","2023","52","2023","586","PAK","Pakistan","X","Export","804","UKR","Ukraine","0","W00","World","H6","HS","true","TOTAL","All Commodities","0","false","C00","TOTAL CPC","0","0","TOTAL MOT","-1","N/A","0","false","-1","N/A","0","false","0","true","0","false",,"3305509.567","3305509.567","4","false","true",
"C","A","20230101","2023","52","2023","586","PAK","Pakistan","X","Export","818","EGY","Egypt","0","W00","World","H6","HS","true","TOTAL","All Commodities","0","false","C00","TOTAL CPC","0","0","TOTAL MOT","-1","N/A","0","false","-1","N/A","0","false","0","true","0","false",,"103748074.266","103748074.266","4","false","true",
"C","A","20230101","2023","52","2023","586","PAK","Pakistan","X","Export","842","USA","USA","0","W00","World","H6","HS","true","TOTAL","All Commodities","0","false","C00","TOTAL CPC","0","0","TOTAL MOT","-1","N/A","0","false","-1","N/A","0","false","0","true","0","false",,"5010808641.874","5010808641.874","4","false","true",
"C","A","20230101","2023","52","2023","682","SAU","Saudi Arabia","X","Export","156","CHN","China","0","W00","World","H6","HS","true","TOTAL","All Commodities","0","false","C00","TOTAL CPC","0","0","TOTAL MOT","-1","N/A","0","false","-1","N/A","0","false","0","true","0","false",,"7610500551.071","7610500551.071","4","false","true",
"C","A","20230101","2023","52","2023","682","SAU","Saudi Arabia","X","Export","231","ETH","Ethiopia","0","W00","World","H6","HS","true","TOTAL","All Commodities","0","false","C00","TOTAL CPC","0","0","TOTAL MOT","-1","N/A","0","false","-1","N/A","0","false","0","true","0","false",,"41494179.496","41494179.496","4","false","true",
"C","A","20230101","2023","52","2023","682","SAU","Saudi Arabia","X","Export","364","IRN","Iran","0","W00","World","H6","HS","true","TOTAL","All Commodities","0","false","C00","TOTAL CPC","0","0","TOTAL MOT","-1","N/A","0","false","-1","N/A","0","false","0","false","0","false",,"4098.4","4098.4","0","false","true",
"C","A","20230101","2023","52","2023","682","SAU","Saudi Arabia","X","Export","586","PAK","Pakistan","0","W00","World","H6","HS","true","TOTAL","All Commodities","0","false","C00","TOTAL CPC","0","0","TOTAL MOT","-1","N/A","0","false","-1","N/A","0","false","0","true","0","false",,"735704499.741","735704499.741","4","false","true",
"C","A","20230101","2023","52","2023","682","SAU","Saudi Arabia","X","Export","643","RUS","Russian Federation","0","W00","World","H6","HS","true","TOTAL","All Commodities","0","false","C00","TOTAL CPC","0","0","TOTAL MOT","-1","N/A","0","false","-1","N/A","0","false","0","true","0","false",,"18617743.535","18617743.535","4","false","true",
"C","A","20230101","2023","52","2023","682","SAU","Saudi Arabia","X","Export","699","IND","India","0","W00","World","H6","HS","true","TOTAL","All Commodities","0","false","C00","TOTAL CPC","0","0","TOTAL MOT","-1","N/A","0","false","-1","N/A","0","false","0","true","0","false",,"6216188884.329","6216188884.329","4","false","true",
"C","A","20230101","2023","52","2023","682","SAU","Saudi Arabia","X","Export","792","TUR","Türkiye","0","W00","World","H6","HS","true","TOTAL","All Commodities","0","false","C00","TOTAL CPC","0","0","TOTAL MOT","-1","N/A","0","false","-1","N/A","0","false","0","true","0","false",,"3072575478.386","3072575478.386","4","false","true",
"C","A","20230101","2023","52","2023","682","SAU","Saudi Arabia","X","Export","804","UKR","Ukraine","0","W00","World","H6","HS","true","TOTAL","All Commodities","0","false","C00","TOTAL CPC","0","0","TOTAL MOT","-1","N/A","0","false","-1","N/A","0","false","0","true","0","false",,"4017142.566","4017142.566","4","false","true",
"C","A","20230101","2023","52","2023","682","SAU","Saudi Arabia","X","Export","818","EGY","Egypt","0","W00","World","H6","HS","true","TOTAL","All Commodities","0","false","C00","TOTAL CPC","0","0","TOTAL MOT","-1","N/A","0","false","-1","N/A","0","false","0","true","0","false",,"2627354814.316","2627354814.316","4","false","true",
"C","A","20230101","2023","52","2023","682","SAU","Saudi Arabia","X","Export","842","USA","USA","0","W00","World","H6","HS","true","TOTAL","All Commodities","0","false","C00","TOTAL CPC","0","0","TOTAL MOT","-1","N/A","0","false","-1","N/A","0","false","0","true","0","false",,"2758936586.76","2758936586.76","4","false","true",
"C","A","20230101","2023","52","2023","699","IND","India","M","Import","156","CHN","China","0","W00","World","H6","HS","true","TOTAL","All Commodities","0","false","C00","TOTAL CPC","0","0","TOTAL MOT","-1","N/A","0","false","-1","N/A","0","false","0","true","0","false","121967409566.587",,"121967409566.587","4","false","true",
"C","A","20230101","2023","52","2023","699","IND","India","M","Import","231","ETH","Ethiopia","0","W00","World","H6","HS","true","TOTAL","All Commodities","0","false","C00","TOTAL CPC","0","0","TOTAL MOT","-1","N/A","0","false","-1","N/A","0","false","0","true","0","false","94198259.277",,"94198259.277","4","false","true",
"C","A","20230101","2023","52","2023","699","IND","India","M","Import","364","IRN","Iran","0","W00","World","H6","HS","true","TOTAL","All Commodities","0","false","C00","TOTAL CPC","0","0","TOTAL MOT","-1","N/A","0","false","-1","N/A","0","false",,"false","0","false","1018195503.523",,"1018195503.523","0","false","true",
"C","A","20230101","2023","52","2023","699","IND","India","M","Import","376","ISR","Israel","0","W00","World","H6","HS","true","TOTAL","All Commodities","0","false","C00","TOTAL CPC","0","0","TOTAL MOT","-1","N/A","0","false","-1","N/A","0","false",,"false","0","false","1711734506.191",,"1711734506.191","0","false","true",
"C","A","20230101","2023","52","2023","699","IND","India","M","Import","586","PAK","Pakistan","0","W00","World","H6","HS","true","TOTAL","All Commodities","0","false","C00","TOTAL CPC","0","0","TOTAL MOT","-1","N/A","0","false","-1","N/A","0","false","0","true","0","false","7694921.241",,"7694921.241","4","false","true",
"C","A","20230101","2023","52","2023","699","IND","India","M","Import","643","RUS","Russian Federation","0","W00","World","H6","HS","true","TOTAL","All Commodities","0","false","C00","TOTAL CPC","0","0","TOTAL MOT","-1","N/A","0","false","-1","N/A","0","false",,"false","0","false","67070988508.482",,"67070988508.482","0","false","true",
"C","A","20230101","2023","52","2023","699","IND","India","M","Import","682","SAU","Saudi Arabia","0","W00","World","H6","HS","true","TOTAL","All Commodities","0","false","C00","TOTAL CPC","0","0","TOTAL MOT","-1","N/A","0","false","-1","N/A","0","false","0","true","0","false","34643621701.664",,"34643621701.664","4","false","true",
"C","A","20230101","2023","52","2023","699","IND","India","M","Import","699","IND","India","0","W00","World","H6","HS","true","TOTAL","All Commodities","0","false","C00","TOTAL CPC","0","0","TOTAL MOT","-1","N/A","0","false","-1","N/A","0","false",,"false","0","false","7737279048.385",,"7737279048.385","0","false","true",
"C","A","20230101","2023","52","2023","699","IND","India","M","Import","792","TUR","Türkiye","0","W00","World","H6","HS","true","TOTAL","All Commodities","0","false","C00","TOTAL CPC","0","0","TOTAL MOT","-1","N/A","0","false","-1","N/A","0","false","0","true","0","false","3145234308.899",,"3145234308.899","4","false","true",
"C","A","20230101","2023","52","2023","699","IND","India","M","Import","804","UKR","Ukraine","0","W00","World","H6","HS","true","TOTAL","All Commodities","0","false","C00","TOTAL CPC","0","0","TOTAL MOT","-1","N/A","0","false","-1","N/A","0","false",,"false","0","false","1325568422.48",,"1325568422.48","0","false","true",
"C","A","20230101","2023","52","2023","699","IND","India","M","Import","818","EGY","Egypt","0","W00","World","H6","HS","true","TOTAL","All Commodities","0","false","C00","TOTAL CPC","0","0","TOTAL MOT","-1","N/A","0","false","-1","N/A","0","false","0","true","0","false","1458960443.918",,"1458960443.918","4","false","true",
"C","A","20230101","2023","52","2023","699","IND","India","M","Import","842","USA","USA","0","W00","World","H6","HS","true","TOTAL","All Commodities","0","false","C00","TOTAL CPC","0","0","TOTAL MOT","-1","N/A","0","false","-1","N/A","0","false","0","true","0","false","42116442605.924",,"42116442605.924","4","false","true",
"C","A","20230101","2023","52","2023","699","IND","India","X","Export","156","CHN","China","0","W00","World","H6","HS","true","TOTAL","All Commodities","0","false","C00","TOTAL CPC","0","0","TOTAL MOT","-1","N/A","0","false","-1","N/A","0","false","0","true","0","false",,"16245421866.688","16245421866.688","4","false","true",
"C","A","20230101","2023","52","2023","699","IND","India","X","Export","231","ETH","Ethiopia","0","W00","World","H6","HS","true","TOTAL","All Commodities","0","false","C00","TOTAL CPC","0","0","TOTAL MOT","-1","N/A","0","false","-1","N/A","0","false","0","true","0","false",,"479098454.42","479098454.42","4","false","true",
"C","A","20230101","2023","52","2023","699","IND","India","X","Export","364","IRN","Iran","0","W00","World","H6","HS","true","TOTAL","All Commodities","0","false","C00","TOTAL CPC","0","0","TOTAL MOT","-1","N/A","0","false","-1","N/A","0","false","0","true","0","false",,"1186576443.036","1186576443.036","4","false","true",
"C","A","20230101","2023","52","2023","699","IND","India","X","Export","376","ISR","Israel","0","W00","World","H6","HS","true","TOTAL","All Commodities","0","false","C00","TOTAL CPC","0","0","TOTAL MOT","-1","N/A","0","false","-1","N/A","0","false","0","true","0","false",,"6048680406.626","6048680406.626","4","false","true",
"C","A","20230101","2023","52","2023","699","IND","India","X","Export","586","PAK","Pakistan","0","W00","World","H6","HS","true","TOTAL","All Commodities","0","false","C00","TOTAL CPC","0","0","TOTAL MOT","-1","N/A","0","false","-1","N/A","0","false","0","true","0","false",,"523219521.548","523219521.548","4","false","true",
"C","A","20230101","2023","52","2023","699","IND","India","X","Export","643","RUS","Russian Federation","0","W00","World","H6","HS","true","TOTAL","All Commodities","0","false","C00","TOTAL CPC","0","0","TOTAL MOT","-1","N/A","0","false","-1","N/A","0","false","0","true","0","false",,"4057640414.723","4057640414.723","4","false","true",
"C","A","20230101","2023","52","2023","699","IND","India","X","Export","682","SAU","Saudi Arabia","0","W00","World","H6","HS","true","TOTAL","All Commodities","0","false","C00","TOTAL CPC","0","0","TOTAL MOT","-1","N/A","0","false","-1","N/A","0","false","0","true","0","false",,"10832202791.684","10832202791.684","4","false","true",
"C","A","20230101","2023","52","2023","699","IND","India","X","Export","792","TUR","Türkiye","0","W00","World","H6","HS","true","TOTAL","All Commodities","0","false","C00","TOTAL CPC","0","0","TOTAL MOT","-1","N/A","0","false","-1","N/A","0","false","0","true","0","false",,"7574272308.321","7574272308.321","4","false","true",
"C","A","20230101","2023","52","2023","699","IND","India","X","Export","804","UKR","Ukraine","0","W00","World","H6","HS","true","TOTAL","All Commodities","0","false","C00","TOTAL CPC","0","0","TOTAL MOT","-1","N/A","0","false","-1","N/A","0","false","0","true","0","false",,"147866545.909","147866545.909","4","false","true",
"C","A","20230101","2023","52","2023","699","IND","India","X","Export","818","EGY","Egypt","0","W00","World","H6","HS","true","TOTAL","All Commodities","0","false","C00","TOTAL CPC","0","0","TOTAL MOT","-1","N/A","0","false","-1","N/A","0","false","0","true","0","false",,"3956061431.32","3956061431.32","4","false","true",
"C","A","20230101","2023","52","2023","699","IND","India","X","Export","842","USA","USA","0","W00","World","H6","HS","true","TOTAL","All Commodities","0","false","C00","TOTAL CPC","0","0","TOTAL MOT","-1","N/A","0","false","-1","N/A","0","false","0","true","0","false",,"75805285416.116","75805285416.116","4","false","true",
"C","A","20230101","2023","52","2023","792","TUR","Türkiye","M","Import","156","CHN","China","0","W00","World","H6","HS","true","TOTAL","All Commodities","0","false","C00","TOTAL CPC","0","0","TOTAL MOT","-1","N/A","0","false","-1","N/A","0","false","0","true","0","false","45047968463","42013880183.59","45047968463","4","false","true",
"C","A","20230101","2023","52","2023","792","TUR","Türkiye","M","Import","231","ETH","Ethiopia","0","W00","World","H6","HS","true","TOTAL","All Commodities","0","false","C00","TOTAL CPC","0","0","TOTAL MOT","-1","N/A","0","false","-1","N/A","0","false","0","false","0","false","37334354","34877069.23","37334354","0","false","true",
"C","A","20230101","2023","52","2023","792","TUR","Türkiye","M","Import","364","IRN","Iran","0","W00","World","H6","HS","true","TOTAL","All Commodities","0","false","C00","TOTAL CPC","0","0","TOTAL MOT","-1","N/A","0","false","-1","N/A","0","false","0","false","0","false","2180642033","1955953235.65","2180642033","0","false","true",
"C","A","20230101","2023","52","2023","792","TUR","Türkiye","M","Import","376","ISR","Israel","0","W00","World","H6","HS","true","TOTAL","All Commodities","0","false","C00","TOTAL CPC","0","0","TOTAL MOT","-1","N/A","0","false","-1","N/A","0","false","0","true","0","false","1641071173","1502738479.48","1641071173","4","false","true",
"C","A","20230101","2023","52","2023","792","TUR","Türkiye","M","Import","586","PAK","Pakistan","0","W00","World","H6","HS","true","TOTAL","All Commodities","0","false","C00","TOTAL CPC","0","0","TOTAL MOT","-1","N/A","0","false","-1","N/A","0","false","0","false","0","false","455500911","416991424.92","455500911","0","false","true",
"C","A","20230101","2023","52","2023","792","TUR","Türkiye","M","Import","643","RUS","Russian Federation","0","W00","World","H6","HS","true","TOTAL","All Commodities","0","false","C00","TOTAL CPC","0","0","TOTAL MOT","-1","N/A","0","false","-1","N/A","0","false","0","false","0","false","45599586714","43000764098.179","45599586714","0","false","true",
"C","A","20230101","2023","52","2023","792","TUR","Türkiye","M","Import","682","SAU","Saudi Arabia","0","W00","World","H6","HS","true","TOTAL","All Commodities","0","false","C00","TOTAL CPC","0","0","TOTAL MOT","-1","N/A","0","false","-1","N/A","0","false","0","false","0","false","3039173465","2815793284.44","3039173465","0","false","true",
"C","A","20230101","2023","52","2023","792","TUR","Türkiye","M","Import","699","IND","India","0","W00","World","H6","HS","true","TOTAL","All Commodities","0","false","C00","TOTAL CPC","0","0","TOTAL MOT","-1","N/A","0","false","-1","N/A","0","false","0","true","0","false","7932008400","7316877719.86","7932008400","4","false","true",
"C","A","20230101","2023","52","2023","792","TUR","Türkiye","M","Import","804","UKR","Ukraine","0","W00","World","H6","HS","true","TOTAL","All Commodities","0","false","C00","TOTAL CPC","0","0","TOTAL MOT","-1","N/A","0","false","-1","N/A","0","false","0","true","0","false","3691707416","3337320083.24","3691707416","4","false","true",
"C","A","20230101","2023","52","2023","792","TUR","Türkiye","M","Import","818","EGY","Egypt","0","W00","World","H6","HS","true","TOTAL","All Commodities","0","false","C00","TOTAL CPC","0","0","TOTAL MOT","-1","N/A","0","false","-1","N/A","0","false","0","false","0","false","3647447624","3395116789.88","3647447624","0","false","true",
"C","A","20230101","2023","52","2023","792","TUR","Türkiye","M","Import","842","USA","USA","0","W00","World","H6","HS","true","TOTAL","All Commodities","0","false","C00","TOTAL CPC","0","0","TOTAL MOT","-1","N/A","0","false","-1","N/A","0","false","0","true","0","false","15779737081","14665291824.43","15779737081","4","false","true",
"C","A","20230101","2023","52","2023","804","UKR","Ukraine","M","Import","156","CHN","China","0","W00","World","H6","HS","true","TOTAL","All Commodities","0","false","C00","TOTAL CPC","0","0","TOTAL MOT","-1","N/A","0","false","-1","N/A","0","false","0","true","0","false","10441798784.8",,"10441798784.8","4","false","true",
"C","A","20230101","2023","52","2023","804","UKR","Ukraine","M","Import","231","ETH","Ethiopia","0","W00","World","H6","HS","true","TOTAL","All Commodities","0","false","C00","TOTAL CPC","0","0","TOTAL MOT","-1","N/A","0","false","-1","N/A","0","false","0","false","0","false","8622414",,"8622414","0","false","true",
"C","A","20230101","2023","52","2023","804","UKR","Ukraine","M","Import","364","IRN","Iran","0","W00","World","H6","HS","true","TOTAL","All Commodities","0","false","C00","TOTAL CPC","0","0","TOTAL MOT","-1","N/A","0","false","-1","N/A","0","false","0","false","0","false","18675960.06",,"18675960.06","0","false","true",
"C","A","20230101","2023","52","2023","804","UKR","Ukraine","M","Import","376","ISR","Israel","0","W00","World","H6","HS","true","TOTAL","All Commodities","0","false","C00","TOTAL CPC","0","0","TOTAL MOT","-1","N/A","0","false","-1","N/A","0","false","0","true","0","false","293843048.14",,"293843048.14","4","false","true",
"C","A","20230101","2023","52","2023","804","UKR","Ukraine","M","Import","586","PAK","Pakistan","0","W00","World","H6","HS","true","TOTAL","All Commodities","0","false","C00","TOTAL CPC","0","0","TOTAL MOT","-1","N/A","0","false","-1","N/A","0","false","0","false","0","false","554592573.61",,"554592573.61","0","false","true",
"C","A","20230101","2023","52","2023","804","UKR","Ukraine","M","Import","643","RUS","Russian Federation","0","W00","World","H6","HS","true","TOTAL","All Commodities","0","false","C00","TOTAL CPC","0","0","TOTAL MOT","-1","N/A","0","false","-1","N/A","0","false","0","false","0","false","4557750.6",,"4557750.6","0","false","true",
"C","A","20230101","2023","52","2023","804","UKR","Ukraine","M","Import","682","SAU","Saudi Arabia","0","W00","World","H6","HS","true","TOTAL","All Commodities","0","false","C00","TOTAL CPC","0","0","TOTAL MOT","-1","N/A","0","false","-1","N/A","0","false","0","false","0","false","338055898.26",,"338055898.26","0","false","true",
"C","A","20230101","2023","52","2023","804","UKR","Ukraine","M","Import","699","IND","India","0","W00","World","H6","HS","true","TOTAL","All Commodities","0","false","C00","TOTAL CPC","0","0","TOTAL MOT","-1","N/A","0","false","-1","N/A","0","false","0","true","0","false","1882474623.78",,"1882474623.78","4","false","true",
"C","A","20230101","2023","52","2023","804","UKR","Ukraine","M","Import","792","TUR","Türkiye","0","W00","World","H6","HS","true","TOTAL","All Commodities","0","false","C00","TOTAL CPC","0","0","TOTAL MOT","-1","N/A","0","false","-1","N/A","0","false","0","true","0","false","4722998262.52",,"4722998262.52","4","false","true",
"C","A","20230101","2023","52","2023","804","UKR","Ukraine","M","Import","818","EGY","Egypt","0","W00","World","H6","HS","true","TOTAL","All Commodities","0","false","C00","TOTAL CPC","0","0","TOTAL MOT","-1","N/A","0","false","-1","N/A","0","false","0","false","0","false","201293085.81",,"201293085.81","0","false","true",
"C","A","20230101","2023","52","2023","804","UKR","Ukraine","M","Import","842","USA","USA","0","W00","World","H6","HS","true","TOTAL","All Commodities","0","false","C00","TOTAL CPC","0","0","TOTAL MOT","-1","N/A","0","false","-1","N/A","0","false","0","true","0","false","2866877335.67",,"2866877335.67","4","false","true",
"C","A","20230101","2023","52","2023","818","EGY","Egypt","M","Import","156","CHN","China","0","W00","World","H6","HS","true","TOTAL","All Commodities","0","false","C00","TOTAL CPC","0","0","TOTAL MOT","-1","N/A","0","false","-1","N/A","0","false","0","true","0","false","13230940112.038",,"13230940112.038","4","false","true",
"C","A","20230101","2023","52","2023","818","EGY","Egypt","M","Import","231","ETH","Ethiopia","0","W00","World","H6","HS","true","TOTAL","All Commodities","0","false","C00","TOTAL CPC","0","0","TOTAL MOT","-1","N/A","0","false","-1","N/A","0","false","0","true","0","false","11127262.37",,"11127262.37","4","false","true",
"C","A","20230101","2023","52","2023","818","EGY","Egypt","M","Import","364","IRN","Iran","0","W00","World","H6","HS","true","TOTAL","All Commodities","0","false","C00","TOTAL CPC","0","0","TOTAL MOT","-1","N/A","0","false","-1","N/A","0","false","0","true","0","false","3299720.766",,"3299720.766","4","false","true",
"C","A","20230101","2023","52","2023","818","EGY","Egypt","M","Import","376","ISR","Israel","0","W00","World","H6","HS","true","TOTAL","All Commodities","0","false","C00","TOTAL CPC","0","0","TOTAL MOT","-1","N/A","0","false","-1","N/A","0","false","0","true","0","false","2499438087.772",,"2499438087.772","4","false","true",
"C","A","20230101","2023","52","2023","818","EGY","Egypt","M","Import","586","PAK","Pakistan","0","W00","World","H6","HS","true","TOTAL","All Commodities","0","false","C00","TOTAL CPC","0","0","TOTAL MOT","-1","N/A","0","false","-1","N/A","0","false","0","true","0","false","90277029.763",,"90277029.763","4","false","true",
"C","A","20230101","2023","52","2023","818","EGY","Egypt","M","Import","643","RUS","Russian Federation","0","W00","World","H6","HS","true","TOTAL","All Commodities","0","false","C00","TOTAL CPC","0","0","TOTAL MOT","-1","N/A","0","false","-1","N/A","0","false","0","true","0","false","5035196642.53",,"5035196642.53","4","false","true",
"C","A","20230101","2023","52","2023","818","EGY","Egypt","M","Import","682","SAU","Saudi Arabia","0","W00","World","H6","HS","true","TOTAL","All Commodities","0","false","C00","TOTAL CPC","0","0","TOTAL MOT","-1","N/A","0","false","-1","N/A","0","false","0","true","0","false","5520947526.062",,"5520947526.062","4","false","true",
"C","A","20230101","2023","52","2023","818","EGY","Egypt","M","Import","699","IND","India","0","W00","World","H6","HS","true","TOTAL","All Commodities","0","false","C00","TOTAL CPC","0","0","TOTAL MOT","-1","N/A","0","false","-1","N/A","0","false","0","true","0","false","3184057253.825",,"3184057253.825","4","false","true",
"C","A","20230101","2023","52","2023","818","EGY","Egypt","M","Import","792","TUR","Türkiye","0","W00","World","H6","HS","true","TOTAL","All Commodities","0","false","C00","TOTAL CPC","0","0","TOTAL MOT","-1","N/A","0","false","-1","N/A","0","false","0","true","0","false","2815778034.733",,"2815778034.733","4","false","true",
"C","A","20230101","2023","52","2023","818","EGY","Egypt","M","Import","804","UKR","Ukraine","0","W00","World","H6","HS","true","TOTAL","All Commodities","0","false","C00","TOTAL CPC","0","0","TOTAL MOT","-1","N/A","0","false","-1","N/A","0","false","0","true","0","false","2273560370.341",,"2273560370.341","4","false","true",
"C","A","20230101","2023","52","2023","818","EGY","Egypt","M","Import","842","USA","USA","0","W00","World","H6","HS","true","TOTAL","All Commodities","0","false","C00","TOTAL CPC","0","0","TOTAL MOT","-1","N/A","0","false","-1","N/A","0","false","0","true","0","false","5193014916.518",,"5193014916.518","4","false","true",
"C","A","20230101","2023","52","2023","842","USA","USA","M","Import","156","CHN","China","0","W00","World","H6","HS","true","TOTAL","All Commodities","0","false","C00","TOTAL CPC","0","0","TOTAL MOT","-1","N/A","0","false","-1","N/A","0","false","0","true","0","false","448017376384","427211065635","448017376384","4","false","true",
"C","A","20230101","2023","52","2023","842","USA","USA","M","Import","231","ETH","Ethiopia","0","W00","World","H6","HS","true","TOTAL","All Commodities","0","false","C00","TOTAL CPC","0","0","TOTAL MOT","-1","N/A","0","false","-1","N/A","0","false","0","true","0","false","515606151","491248501","515606151","4","false","true",
"C","A","20230101","2023","52","2023","842","USA","USA","M","Import","364","IRN","Iran","0","W00","World","H6","HS","true","TOTAL","All Commodities","0","false","C00","TOTAL CPC","0","0","TOTAL MOT","-1","N/A","0","false","-1","N/A","0","false","0","true","0","false","2268851","2228556","2268851","4","false","true",
"C","A","20230101","2023","52","2023","842","USA","USA","M","Import","376","ISR","Israel","0","W00","World","H6","HS","true","TOTAL","All Commodities","0","false","C00","TOTAL CPC","0","0","TOTAL MOT","-1","N/A","0","false","-1","N/A","0","false","0","true","0","false","21162969462","20818668957","21162969462","4","false","true",
"C","A","20230101","2023","52","2023","842","USA","USA","M","Import","586","PAK","Pakistan","0","W00","World","H6","HS","true","TOTAL","All Commodities","0","false","C00","TOTAL CPC","0","0","TOTAL MOT","-1","N/A","0","false","-1","N/A","0","false","0","true","0","false","5186861342","4887216093","5186861342","4","false","true",
"C","A","20230101","2023","52","2023","842","USA","USA","M","Import","643","RUS","Russian Federation","0","W00","World","H6","HS","true","TOTAL","All Commodities","0","false","C00","TOTAL CPC","0","0","TOTAL MOT","-1","N/A","0","false","-1","N/A","0","false","0","true","0","false","4902440527","4565765099","4902440527","4","false","true",
"C","A","20230101","2023","52","2023","842","USA","USA","M","Import","682","SAU","Saudi Arabia","0","W00","World","H6","HS","true","TOTAL","All Commodities","0","false","C00","TOTAL CPC","0","0","TOTAL MOT","-1","N/A","0","false","-1","N/A","0","false","0","true","0","false","16509357169","15876873098","16509357169","4","false","true",
"C","A","20230101","2023","52","2023","842","USA","USA","M","Import","699","IND","India","0","W00","World","H6","HS","true","TOTAL","All Commodities","0","false","C00","TOTAL CPC","0","0","TOTAL MOT","-1","N/A","0","false","-1","N/A","0","false","0","true","0","false","87278828255","83762065111","87278828255","4","false","true",
"C","A","20230101","2023","52","2023","842","USA","USA","M","Import","792","TUR","Türkiye","0","W00","World","H6","HS","true","TOTAL","All Commodities","0","false","C00","TOTAL CPC","0","0","TOTAL MOT","-1","N/A","0","false","-1","N/A","0","false","0","true","0","false","16519765151","15497407910","16519765151","4","false","true",
"C","A","20230101","2023","52","2023","842","USA","USA","M","Import","804","UKR","Ukraine","0","W00","World","H6","HS","true","TOTAL","All Commodities","0","false","C00","TOTAL CPC","0","0","TOTAL MOT","-1","N/A","0","false","-1","N/A","0","false","0","true","0","false","1341764497","1304669200","1341764497","4","false","true",
"C","A","20230101","2023","52","2023","842","USA","USA","M","Import","818","EGY","Egypt","0","W00","World","H6","HS","true","TOTAL","All Commodities","0","false","C00","TOTAL CPC","0","0","TOTAL MOT","-1","N/A","0","false","-1","N/A","0","false","0","true","0","false","2540759944","2390730906","2540759944","4","false","true",
"C","A","20230101","2023","52","2023","792","TUR","Türkiye","X","Export","156","CHN","China","0","W00","World","H6","HS","true","TOTAL","All Commodities","0","false","C00","TOTAL CPC","0","0","TOTAL MOT","-1","N/A","0","false","-1","N/A","0","false","0","true","0","false",,"3306083517","3306083517","4","false","true",
"C","A","20230101","2023","52","2023","792","TUR","Türkiye","X","Export","231","ETH","Ethiopia","0","W00","World","H6","HS","true","TOTAL","All Commodities","0","false","C00","TOTAL CPC","0","0","TOTAL MOT","-1","N/A","0","false","-1","N/A","0","false","0","false","0","false",,"306980571","306980571","0","false","true",
"C","A","20230101","2023","52","2023","792","TUR","Türkiye","X","Export","364","IRN","Iran","0","W00","World","H6","HS","true","TOTAL","All Commodities","0","false","C00","TOTAL CPC","0","0","TOTAL MOT","-1","N/A","0","false","-1","N/A","0","false","0","true","0","false",,"3225774461","3225774461","4","false","true",
"C","A","20230101","2023","52","2023","792","TUR","Türkiye","X","Export","376","ISR","Israel","0","W00","World","H6","HS","true","TOTAL","All Commodities","0","false","C00","TOTAL CPC","0","0","TOTAL MOT","-1","N/A","0","false","-1","N/A","0","false","0","false","0","false",,"5434606318","5434606318","0","false","true",
"C","A","20230101","2023","52","2023","792","TUR","Türkiye","X","Export","586","PAK","Pakistan","0","W00","World","H6","HS","true","TOTAL","All Commodities","0","false","C00","TOTAL CPC","0","0","TOTAL MOT","-1","N/A","0","false","-1","N/A","0","false","0","false","0","false",,"550463435","550463435","0","false","true",
"C","A","20230101","2023","52","2023","792","TUR","Türkiye","X","Export","643","RUS","Russian Federation","0","W00","World","H6","HS","true","TOTAL","All Commodities","0","false","C00","TOTAL CPC","0","0","TOTAL MOT","-1","N/A","0","false","-1","N/A","0","false","0","true","0","false",,"10906585102","10906585102","4","false","true",
"C","A","20230101","2023","52","2023","792","TUR","Türkiye","X","Export","682","SAU","Saudi Arabia","0","W00","World","H6","HS","true","TOTAL","All Commodities","0","false","C00","TOTAL CPC","0","0","TOTAL MOT","-1","N/A","0","false","-1","N/A","0","false","0","true","0","false",,"2621415516","2621415516","4","false","true",
"C","A","20230101","2023","52","2023","792","TUR","Türkiye","X","Export","699","IND","India","0","W00","World","H6","HS","true","TOTAL","All Commodities","0","false","C00","TOTAL CPC","0","0","TOTAL MOT","-1","N/A","0","false","-1","N/A","0","false","0","false","0","false",,"1644005755","1644005755","0","false","true",
"C","A","20230101","2023","52","2023","792","TUR","Türkiye","X","Export","804","UKR","Ukraine","0","W00","World","H6","HS","true","TOTAL","All Commodities","0","false","C00","TOTAL CPC","0","0","TOTAL MOT","-1","N/A","0","false","-1","N/A","0","false","0","true","0","false",,"3443799775","3443799775","4","false","true",
"C","A","20230101","2023","52","2023","792","TUR","Türkiye","X","Export","818","EGY","Egypt","0","W00","World","H6","HS","true","TOTAL","All Commodities","0","false","C00","TOTAL CPC","0","0","TOTAL MOT","-1","N/A","0","false","-1","N/A","0","false","0","true","0","false",,"3352651094","3352651094","4","false","true",
"C","A","20230101","2023","52","2023","792","TUR","Türkiye","X","Export","842","USA","USA","0","W00","World","H6","HS","true","TOTAL","All Commodities","0","false","C00","TOTAL CPC","0","0","TOTAL MOT","-1","N/A","0","false","-1","N/A","0","false","0","true","0","false",,"14880287289","14880287289","4","false","true",
"C","A","20230101","2023","52","2023","804","UKR","Ukraine","X","Export","156","CHN","China","0","W00","World","H6","HS","true","TOTAL","All Commodities","0","false","C00","TOTAL CPC","0","0","TOTAL MOT","-1","N/A","0","false","-1","N/A","0","false","0","true","0","false",,"2406413384.99","2406413384.99","4","false","true",
"C","A","20230101","2023","52","2023","804","UKR","Ukraine","X","Export","231","ETH","Ethiopia","0","W00","World","H6","HS","true","TOTAL","All Commodities","0","false","C00","TOTAL CPC","0","0","TOTAL MOT","-1","N/A","0","false","-1","N/A","0","false","0","false","0","false",,"34676167.06","34676167.06","0","false","true",
"C","A","20230101","2023","52","2023","804","UKR","Ukraine","X","Export","364","IRN","Iran","0","W00","World","H6","HS","true","TOTAL","All Commodities","0","false","C00","TOTAL CPC","0","0","TOTAL MOT","-1","N/A","0","false","-1","N/A","0","false","0","false","0","false",,"1688152.98","1688152.98","0","false","true",
"C","A","20230101","2023","52","2023","804","UKR","Ukraine","X","Export","376","ISR","Israel","0","W00","World","H6","HS","true","TOTAL","All Commodities","0","false","C00","TOTAL CPC","0","0","TOTAL MOT","-1","N/A","0","false","-1","N/A","0","false","0","true","0","false",,"305584871.44","305584871.44","4","false","true",
"C","A","20230101","2023","52","2023","804","UKR","Ukraine","X","Export","586","PAK","Pakistan","0","W00","World","H6","HS","true","TOTAL","All Commodities","0","false","C00","TOTAL CPC","0","0","TOTAL MOT","-1","N/A","0","false","-1","N/A","0","false","0","true","0","false",,"58623118.66","58623118.66","4","false","true",
"C","A","20230101","2023","52","2023","804","UKR","Ukraine","X","Export","682","SAU","Saudi Arabia","0","W00","World","H6","HS","true","TOTAL","All Commodities","0","false","C00","TOTAL CPC","0","0","TOTAL MOT","-1","N/A","0","false","-1","N/A","0","false","0","false","0","false",,"291072543.3","291072543.3","0","false","true",
"C","A","20230101","2023","52","2023","804","UKR","Ukraine","X","Export","699","IND","India","0","W00","World","H6","HS","true","TOTAL","All Commodities","0","false","C00","TOTAL CPC","0","0","TOTAL MOT","-1","N/A","0","false","-1","N/A","0","false","0","true","0","false",,"542829103.33","542829103.33","4","false","true",
"C","A","20230101","2023","52","2023","804","UKR","Ukraine","X","Export","792","TUR","Türkiye","0","W00","World","H6","HS","true","TOTAL","All Commodities","0","false","C00","TOTAL CPC","0","0","TOTAL MOT","-1","N/A","0","false","-1","N/A","0","false","0","true","0","false",,"2368623426.82","2368623426.82","4","false","true",
"C","A","20230101","2023","52","2023","804","UKR","Ukraine","X","Export","818","EGY","Egypt","0","W00","World","H6","HS","true","TOTAL","All Commodities","0","false","C00","TOTAL CPC","0","0","TOTAL MOT","-1","N/A","0","false","-1","N/A","0","false","0","true","0","false",,"1085021373.95","1085021373.95","4","false","true",
"C","A","20230101","2023","52","2023","804","UKR","Ukraine","X","Export","842","USA","USA","0","W00","World","H6","HS","true","TOTAL","All Commodities","0","false","C00","TOTAL CPC","0","0","TOTAL MOT","-1","N/A","0","false","-1","N/A","0","false","0","true","0","false",,"521249747.44","521249747.44","4","false","true",
"C","A","20230101","2023","52","2023","818","EGY","Egypt","X","Export","156","CHN","China","0","W00","World","H6","HS","true","TOTAL","All Commodities","0","false","C00","TOTAL CPC","0","0","TOTAL MOT","-1","N/A","0","false","-1","N/A","0","false","0","true","0","false",,"1086579853.294","1086579853.294","4","false","true",
"C","A","20230101","2023","52","2023","818","EGY","Egypt","X","Export","231","ETH","Ethiopia","0","W00","World","H6","HS","true","TOTAL","All Commodities","0","false","C00","TOTAL CPC","0","0","TOTAL MOT","-1","N/A","0","false","-1","N/A","0","false","0","true","0","false",,"112277105.373","112277105.373","4","false","true",
"C","A","20230101","2023","52","2023","818","EGY","Egypt","X","Export","364","IRN","Iran","0","W00","World","H6","HS","true","TOTAL","All Commodities","0","false","C00","TOTAL CPC","0","0","TOTAL MOT","-1","N/A","0","false","-1","N/A","0","false","0","true","0","false",,"2118175.983","2118175.983","4","false","true",
"C","A","20230101","2023","52","2023","818","EGY","Egypt","X","Export","376","ISR","Israel","0","W00","World","H6","HS","true","TOTAL","All Commodities","0","false","C00","TOTAL CPC","0","0","TOTAL MOT","-1","N/A","0","false","-1","N/A","0","false","0","true","0","false",,"145306314.971","145306314.971","4","false","true",
"C","A","20230101","2023","52","2023","818","EGY","Egypt","X","Export","586","PAK","Pakistan","0","W00","World","H6","HS","true","TOTAL","All Commodities","0","false","C00","TOTAL CPC","0","0","TOTAL MOT","-1","N/A","0","false","-1","N/A","0","false","0","true","0","false",,"146005306.768","146005306.768","4","false","true",
"C","A","20230101","2023","52","2023","818","EGY","Egypt","X","Export","643","RUS","Russian Federation","0","W00","World","H6","HS","true","TOTAL","All Commodities","0","false","C00","TOTAL CPC","0","0","TOTAL MOT","-1","N/A","0","false","-1","N/A","0","false","0","true","0","false",,"523956802.397","523956802.397","4","false","true",
"C","A","20230101","2023","52","2023","818","EGY","Egypt","X","Export","682","SAU","Saudi Arabia","0","W00","World","H6","HS","true","TOTAL","All Commodities","0","false","C00","TOTAL CPC","0","0","TOTAL MOT","-1","N/A","0","false","-1","N/A","0","false","0","true","0","false",,"2671806900.951","2671806900.951","4","false","true",
"C","A","20230101","2023","52","2023","818","EGY","Egypt","X","Export","699","IND","India","0","W00","World","H6","HS","true","TOTAL","All Commodities","0","false","C00","TOTAL CPC","0","0","TOTAL MOT","-1","N/A","0","false","-1","N/A","0","false","0","true","0","false",,"1159366605.302","1159366605.302","4","false","true",
"C","A","20230101","2023","52","2023","818","EGY","Egypt","X","Export","792","TUR","Türkiye","0","W00","World","H6","HS","true","TOTAL","All Commodities","0","false","C00","TOTAL CPC","0","0","TOTAL MOT","-1","N/A","0","false","-1","N/A","0","false","0","true","0","false",,"3643855575.539","3643855575.539","4","false","true",
"C","A","20230101","2023","52","2023","818","EGY","Egypt","X","Export","804","UKR","Ukraine","0","W00","World","H6","HS","true","TOTAL","All Commodities","0","false","C00","TOTAL CPC","0","0","TOTAL MOT","-1","N/A","0","false","-1","N/A","0","false","0","true","0","false",,"64433393.42","64433393.42","4","false","true",
"C","A","20230101","2023","52","2023","818","EGY","Egypt","X","Export","842","USA","USA","0","W00","World","H6","HS","true","TOTAL","All Commodities","0","false","C00","TOTAL CPC","0","0","TOTAL MOT","-1","N/A","0","false","-1","N/A","0","false","0","true","0","false",,"2004737637.409","2004737637.409","4","false","true",
"C","A","20230101","2023","52","2023","842","USA","USA","X","Export","156","CHN","China","0","W00","World","H6","HS","true","TOTAL","All Commodities","0","false","C00","TOTAL CPC","0","0","TOTAL MOT","-1","N/A","0","false","-1","N/A","0","false","0","true","0","false",,"147805519996","147805519996","4","false","true",
"C","A","20230101","2023","52","2023","842","USA","USA","X","Export","231","ETH","Ethiopia","0","W00","World","H6","HS","true","TOTAL","All Commodities","0","false","C00","TOTAL CPC","0","0","TOTAL MOT","-1","N/A","0","false","-1","N/A","0","false","0","true","0","false",,"1210864884","1210864884","4","false","true",
"C","A","20230101","2023","52","2023","842","USA","USA","X","Export","364","IRN","Iran","0","W00","World","H6","HS","true","TOTAL","All Commodities","0","false","C00","TOTAL CPC","0","0","TOTAL MOT","-1","N/A","0","false","-1","N/A","0","false","0","true","0","false",,"59014461","59014461","4","false","true",
"C","A","20230101","2023","52","2023","842","USA","USA","X","Export","376","ISR","Israel","0","W00","World","H6","HS","true","TOTAL","All Commodities","0","false","C00","TOTAL CPC","0","0","TOTAL MOT","-1","N/A","0","false","-1","N/A","0","false","0","true","0","false",,"14032404266","14032404266","4","false","true",
"C","A","20230101","2023","52","2023","842","USA","USA","X","Export","586","PAK","Pakistan","0","W00","World","H6","HS","true","TOTAL","All Commodities","0","false","C00","TOTAL CPC","0","0","TOTAL MOT","-1","N/A","0","false","-1","N/A","0","false","0","true","0","false",,"2075496757","2075496757","4","false","true",
"C","A","20230101","2023","52","2023","842","USA","USA","X","Export","643","RUS","Russian Federation","0","W00","World","H6","HS","true","TOTAL","All Commodities","0","false","C00","TOTAL CPC","0","0","TOTAL MOT","-1","N/A","0","false","-1","N/A","0","false","0","true","0","false",,"597274158","597274158","4","false","true",
"C","A","20230101","2023","52","2023","842","USA","USA","X","Export","682","SAU","Saudi Arabia","0","W00","World","H6","HS","true","TOTAL","All Commodities","0","false","C00","TOTAL CPC","0","0","TOTAL MOT","-1","N/A","0","false","-1","N/A","0","false","0","true","0","false",,"13872813911","13872813911","4","false","true",
"C","A","20230101","2023","52","2023","842","USA","USA","X","Export","699","IND","India","0","W00","World","H6","HS","true","TOTAL","All Commodities","0","false","C00","TOTAL CPC","0","0","TOTAL MOT","-1","N/A","0","false","-1","N/A","0","false","0","true","0","false",,"40116453423","40116453423","4","false","true",
"C","A","20230101","2023","52","2023","842","USA","USA","X","Export","792","TUR","Türkiye","0","W00","World","H6","HS","true","TOTAL","All Commodities","0","false","C00","TOTAL CPC","0","0","TOTAL MOT","-1","N/A","0","false","-1","N/A","0","false","0","true","0","false",,"14693841812","14693841812","4","false","true",
"C","A","20230101","2023","52","2023","842","USA","USA","X","Export","804","UKR","Ukraine","0","W00","World","H6","HS","true","TOTAL","All Commodities","0","false","C00","TOTAL CPC","0","0","TOTAL MOT","-1","N/A","0","false","-1","N/A","0","false","0","true","0","false",,"1048496703","1048496703","4","false","true",
"C","A","20230101","2023","52","2023","842","USA","USA","X","Export","818","EGY","Egypt","0","W00","World","H6","HS","true","TOTAL","All Commodities","0","false","C00","TOTAL CPC","0","0","TOTAL MOT","-1","N/A","0","false","-1","N/A","0","false","0","true","0","false",,"4486971384","4486971384","4","false","true",
